{
  "metaVariables": {
    "topic": "wastewater_viral_load",
    "source": "swiss_federal_institute_of_aquatic_science_and_technology",
    "publishingDate": "2025-06-24",
    "sourceDate": "2025-06-24",
    "publicationFrequency": {
      "frequency": "weekly",
      "frequencyDescription": "-"
    },
    "valueCategory": {
      "column": "valueCategory",
      "columnDescription": "Defines what the property 'value' represents.",
      "valueSet": ["influenza_a", "influenza_b", "respiratory_syncytial_virus", "sars-cov-2"]
    }
  },
  "temporalVariables": {
    "column": "temporal",
    "columnDescription": "Temporal information of the value specified in the property 'valueCategory'.",
    "typeColumn": "temporal_type",
    "typeColumnDescription": "Specifies the type of temporal value in the property 'temporal'.",
    "typeValues": ["date"]
  },
  "groupingVariables": {
    "georegion1": {
      "column": "georegion1",
      "columnDescription": "Geographical unit of the data record.",
      "typeColumn": "georegion1_type",
      "typeColumnDescription": "Specifies the type of geographical unit in the property 'georegion1'.",
      "typeValues": {
        "canton": {
          "valueSet": ["LU", "ZH", "BS", "SG", "GR", "TI", "VD", "NE", "GE", "BE"],
          "allValue": "all"
        },
        "country": {
          "valueSet": "FL",
          "allValue": "all"
        }
      }
    },
    "georegion2": {
      "column": "georegion2",
      "columnDescription": "Geographical unit of the data record.",
      "typeColumn": "georegion2_type",
      "typeColumnDescription": "Specifies the type of geographical unit in the property 'georegion2'.",
      "typeValues": {
        "wastewater_treatment_plant": {
          "valueSet": ["liechtenstein", "buholz", "werdhoelzli", "basel", "altenrhein", "chur", "lugano", "lausanne", "neuchatel", "aire", "laupen"],
          "allValue": "all"
        }
      }
    }
  },
  "valueVariables": {
    "value": {
      "description": "Represents the value defined by the property 'valueCategory' within the given temporal unit and grouping. Calculated viral load per litre and day per 100'000 inhabitants considering the flow rate, concentration and population. The viral load is calculated as flow * conc * 1000 / (pop * 100'000).",
      "valueSetOrRange": [0, 739011544727273],
      "nullValue": "NA",
      "type": "double"
    },
    "pop": {
      "description": "Population number within the given temporal unit and grouping.",
      "valueSetOrRange": [39315, 471000],
      "nullValue": "NA",
      "type": "integer"
    },
    "flow": {
      "description": "Flow rate on the day of sample collection in cubic metres (1000 litres) per day.",
      "valueSetOrRange": [347, 685684],
      "nullValue": "NA",
      "type": "double"
    },
    "conc": {
      "description": "Measured concentration of gene copies per litre in the sample.",
      "valueSetOrRange": [0, 18162400],
      "nullValue": "NA",
      "type": "double"
    },
    "valuePercentile7d": {
      "description": "Percentile value (0-100%) of the current days viral load value where the maximum of 100% is based off the historical maximum value of the rolling 7 day average (valueMean7d).",
      "valueSetOrRange": [0, 386.1],
      "nullValue": "NA",
      "type": "double"
    },
    "valueMean7d": {
      "description": "Rolling 7 day average (-3 days/ +3 days from the current day) of the viral load values. At least 3 values (2 for Liechtenstein) need to be present in the 7 day window in order to calculate the rolling 7 day average.",
      "valueSetOrRange": [0, 280911788375938],
      "nullValue": "NA",
      "type": "double"
    },
    "valuePercentileMean7d": {
      "description": "Rolling 7 day average (-3 days/ +3 days from the current day) of the property 'valuePercentile7d'. At least 3 values (2 for Liechtenstein) need to be present in the 7 day window in order to calculate the rolling 7 day average.",
      "valueSetOrRange": [0, 100],
      "nullValue": "NA",
      "type": "double"
    },
    "loq": {
      "description": "Limit of quantification in gene copies per litre",
      "valueSetOrRange": [21920, 109600],
      "nullValue": "NA",
      "type": "double"
    }
  },
  "entryVariables": {
    "methodDateFrom": {
      "description": "Start date of measurement method change. NA if no method changes or first method.Start date of measurement method change. ARA Liechtenstein changed the laboratory method on 22.03.2023 & on 18.05.2025. ARA Buholz (Real) changed the collection method on 18.02.2025. NA if no method changes or first method.",
      "valueSetOrRange": ["2023-03-22", "2025-05-18"],
      "nullValue": "NA",
      "type": "date"
    },
    "methodDateTo": {
      "description": "End date of method. NA if current method.End date of method. NA if current method.",
      "valueSetOrRange": ["2023-03-21", "2025-05-17"],
      "nullValue": "NA",
      "type": "date"
    },
    "dataComplete": {
      "description": "Can data be assumed to be complete (few late reportings to be expected)? Defined as TRUE up to the date where a centred rolling mean can be calculated.",
      "valueSetOrRange": [true, false],
      "nullValue": "NA",
      "type": "logical"
    },
    "delay7d": {
      "description": "Indicates if the property 'valueMean7d' entries are to be considered up-to-date or delayed (as viewed from the date of data processing, see metadata property 'sourceDate'). valueMean7d that are older than 13 days are considered to be delayed.",
      "valueSetOrRange": [true, false],
      "nullValue": "NA",
      "type": "logical"
    },
    "dataExpected": {
      "description": "Indicates if data is expected from this facility for this date (depending on the facility participating in waste water surveillance project at the that time etc.).",
      "valueSetOrRange": [false, true],
      "nullValue": "NA",
      "type": "logical"
    },
    "belowLoq": {
      "description": "Indicates if the measured concentration is below the property 'loq' (limit of quantification).",
      "valueSetOrRange": [false, true],
      "nullValue": "NA",
      "type": "logical"
    },
    "trend": {
      "description": "Indicates a trend of an entry with respect to previous entries. Trends for wastewater viral loads are calculated by applying a generalised linear model with a gamma log link to viral loads ('value') of the last 14 days. The confidence intervals (CI) for the growth rate estimates define whether the trend is rising (CI above 0), falling (CI below 0) or stagnant (CI contains 0). Sharply rising/falling is defined as the CI of the doubling/halving time being below 21 days.",
      "valueSetOrRange": ["stagnant", "rising", "falling", "sharply_falling", "sharply_rising"],
      "nullValue": "NA",
      "type": "character"
    }
  }
}
